uf,total_eleitores_aptos,indice_desenvolvimento_medio,fundo_eleitoral_total_milhoes,historico_polarizacao
AC,500000,0.75,45.0,0.5
AL,500000,0.75,45.0,0.5
AP,500000,0.75,45.0,0.5
AM,500000,0.75,45.0,0.5
BA,500000,0.75,45.0,0.5
CE,500000,0.75,45.0,0.5
DF,500000,0.75,45.0,0.5
ES,500000,0.75,45.0,0.5
GO,500000,0.75,45.0,0.5
MA,500000,0.75,45.0,0.5
MT,500000,0.75,45.0,0.5
MS,500000,0.75,45.0,0.5
MG,500000,0.75,45.0,0.5
PA,500000,0.75,45.0,0.5
PB,500000,0.75,45.0,0.5
PR,500000,0.75,45.0,0.5
PE,500000,0.75,45.0,0.5
PI,500000,0.75,45.0,0.5
RJ,500000,0.75,45.0,0.5
RN,500000,0.75,45.0,0.5
RS,500000,0.75,45.0,0.5
RO,500000,0.75,45.0,0.5
RR,500000,0.75,45.0,0.5
SC,500000,0.75,45.0,0.5
SP,34000000,0.75,150.0,0.5
SE,500000,0.75,45.0,0.5
TO,500000,0.75,45.0,0.5
